R1	R1
R1	RX
R1	R3L
R1	R2Q
R1	R10
R1	R3O
R1	R1X
R1	R6
R1	R13
R1	R2W
R1	R21
R1	RA
R1	R16
R1	R22
R1	RB
R1	R19
R1	R25
R1	RE
R1	R32
R1	R33
R1	R28
R1	RH
R1	R1D
R1	R2B
R1	R37
R1	RK
R1	R1I
R1	R2E
R1	RN
R1	R3C
R1	R1L
R1	R2H
R1	R3F
R1	RS
R1	R1O
R1	R3I
R1	R1R
R1	RW
R1	R1U
R1	R2Z
R1	R2T
R1	R2L
R3M	R3M
R3M	R3
R3M	RZ
R3M	R1V
R3M	R2R
R3M	R4
R3M	R12
R3M	R1Y
R3M	R2U
R3M	R7
R3M	R1Z
R3M	R8
R3M	R15
R3M	R2X
R3M	R18
R3M	R24
R3M	R30
R3M	RD
R3M	R1B
R3M	R27
R3M	RG
R3M	R1C
R3M	R35
R3M	R2A
R3M	R36
R3M	RJ
R3M	R1F
R3M	R1G
R3M	R2D
R3M	R39
R3M	RM
R3M	R3A
R3M	R1J
R3M	R2G
R3M	RP
R3M	R3D
R3M	RQ
R3M	R1M
R3M	R2J
R3M	R2K
R3M	R3G
R3M	RT
R3M	R1P
R3M	RU
R3M	R2N
R3M	R3J
R3M	R1S
R3M	R2O
R3K	R3K
R3K	R3N
R3K	R3E
R3K	RY
R3K	R11
R3K	R14
R3K	R17
R3K	R23
R3K	R26
R3K	R29
R3K	R2C
R3K	R1T
R3K	R1A
R3K	R1E
R3K	R1H
R3K	R1K
R3K	R1N
R3K	R1Q
R3K	R2P
R3K	R2
R3K	R5
R3K	R9
R3K	RC
R3K	R34
R3K	RI
R3K	RL
R3K	R1W
R3K	R20
R3K	R2F
R3K	RO
R3K	RR
R3K	RV
R3K	R2S
R3K	R2Y
R3K	R31
R3K	R2V
R3K	R38
R3K	R3B
R3K	RF
R3K	R2I
R3K	R3H
R3K	R2M
