C1	C1
C1	CH
C1	CX
C1	C1D
C1	C1T
C1	C29
C1	C2
C1	CI
C1	CY
C1	C1E
C1	C1U
C1	C2A
C1	C3
C1	CZ
C1	C1F
C1	C1V
C1	C2B
C1	C4
C1	C1G
C1	C1W
C1	C2C
C1	C5
C1	C1H
C1	C1X
C1	C2D
C1	C6
C1	CM
C1	C1I
C1	C1Y
C1	C2E
C1	C7
C1	CN
C1	C13
C1	C1J
C1	C1Z
C1	C2F
C1	C8
C1	CO
C1	C14
C1	C1K
C1	C20
C1	C9
C1	CP
C1	C15
C1	C1L
C1	C21
C1	CA
C1	CQ
C1	C16
C1	C1M
C1	C22
C1	CB
C1	CR
C1	C17
C1	C1N
C1	C23
C1	CC
C1	CS
C1	C18
C1	C1O
C1	C24
C1	CD
C1	CT
C1	C19
C1	C1P
C1	C25
C1	CE
C1	CU
C1	C1A
C1	C1Q
C1	C26
C1	CF
C1	CV
C1	C1B
C1	C1R
C1	C27
C1	CG
C1	CW
C1	C1C
C1	C1S
C1	C28
C1_RC	C1_RC
CH_RC	CH_RC
CX_RC	CX_RC
C1D_RC	C1D_RC
C1T_RC	C1T_RC
C29_RC	C29_RC
C2_RC	C2_RC
CI_RC	CI_RC
CY_RC	CY_RC
C1E_RC	C1E_RC
C1U_RC	C1U_RC
C2A_RC	C2A_RC
CJ	CJ
C3_RC	C3_RC
CJ_RC	CJ_RC
CZ_RC	CZ_RC
C1F_RC	C1F_RC
C1V_RC	C1V_RC
C2B_RC	C2B_RC
CK	CK
C10	C10
C4_RC	C4_RC
CK_RC	CK_RC
C10_RC	C10_RC
C1G_RC	C1G_RC
C1W_RC	C1W_RC
C2C_RC	C2C_RC
CL	CL
C11	C11
C5_RC	C5_RC
CL_RC	CL_RC
C11_RC	C11_RC
C1H_RC	C1H_RC
C1X_RC	C1X_RC
C2D_RC	C2D_RC
C12	C12
C6_RC	C6_RC
CM_RC	CM_RC
C12_RC	C12_RC
C1I_RC	C1I_RC
C1Y_RC	C1Y_RC
C2E_RC	C2E_RC
C7_RC	C7_RC
CN_RC	CN_RC
C13_RC	C13_RC
C1J_RC	C1J_RC
C1Z_RC	C1Z_RC
C2F_RC	C2F_RC
C8_RC	C8_RC
CO_RC	CO_RC
C14_RC	C14_RC
C1K_RC	C1K_RC
C20_RC	C20_RC
C9_RC	C9_RC
CP_RC	CP_RC
C15_RC	C15_RC
C1L_RC	C1L_RC
C21_RC	C21_RC
CA_RC	CA_RC
CQ_RC	CQ_RC
C16_RC	C16_RC
C1M_RC	C1M_RC
C22_RC	C22_RC
CB_RC	CB_RC
CR_RC	CR_RC
C17_RC	C17_RC
C1N_RC	C1N_RC
C23_RC	C23_RC
CC_RC	CC_RC
CS_RC	CS_RC
C18_RC	C18_RC
C1O_RC	C1O_RC
C24_RC	C24_RC
CD_RC	CD_RC
CT_RC	CT_RC
C19_RC	C19_RC
C1P_RC	C1P_RC
C25_RC	C25_RC
CE_RC	CE_RC
CU_RC	CU_RC
C1A_RC	C1A_RC
C1Q_RC	C1Q_RC
C26_RC	C26_RC
CF_RC	CF_RC
CV_RC	CV_RC
C1B_RC	C1B_RC
C1R_RC	C1R_RC
C27_RC	C27_RC
CG_RC	CG_RC
CW_RC	CW_RC
C1C_RC	C1C_RC
C1S_RC	C1S_RC
C28_RC	C28_RC
